rodrigo1, 0.5756642, ks/ks.dat, j/j.dat, h/h.dat, rodrigo/rodrigo1.pdf
rodrigo2, 0.5756642, ks/ks.dat, j/j2.dat, h/h.dat, rodrigo/rodrigo2.pdf
rodrigo3, 0.5756642, ks/ks.dat, j/j2.dat, h/h2.dat, rodrigo/rodrigo3.pdf
rodrigo4, 0.5756642, ks/ks.dat, j/j2.dat, h/h2.dat, rodrigo/rodrigo4.pdf
rodrigo5, 0.5756642, ks/ks.dat, j/j.dat, h/h2.dat, rodrigo/rodrigo5.pdf
rodrigo6, 0.5756642, ks/ks.dat, j/j2.dat, h/h2.dat, rodrigo/rodrigo6.pdf
rodrigo7, 0.5756642, ks/ks.dat, j/j2.dat, h/h.dat, rodrigo/rodrigo7.pdf
rodrigo8, 0.5756642, ks/ks.dat, j/j.dat, h/h.dat, rodrigo/rodrigo8.pdf